<?xml version="1.0" encoding="UTF-8"?>
<project-private xmlns="http://www.netbeans.org/ns/project-private/1">
    <editor-bookmarks xmlns="http://www.netbeans.org/ns/editor-bookmarks/2" lastBookmarkId="0"/>
    <open-files xmlns="http://www.netbeans.org/ns/projectui-open-files/2">
        <group>
            <file>file:/C:/xampp/htdocs/Food-Ordering-System-HTML-CSS-JAVASCRIPT-PHP-MYSQL-PHPMYADMIN-Website-with-the-ADMIN-PANEL-main/admin/admin_login.php</file>
            <file>file:/C:/xampp/htdocs/Food-Ordering-System-HTML-CSS-JAVASCRIPT-PHP-MYSQL-PHPMYADMIN-Website-with-the-ADMIN-PANEL-main/login.php</file>
            <file>file:/C:/xampp/htdocs/Food-Ordering-System-HTML-CSS-JAVASCRIPT-PHP-MYSQL-PHPMYADMIN-Website-with-the-ADMIN-PANEL-main/admin/admin_accounts.php</file>
            <file>file:/C:/xampp/htdocs/Food-Ordering-System-HTML-CSS-JAVASCRIPT-PHP-MYSQL-PHPMYADMIN-Website-with-the-ADMIN-PANEL-main/home.php</file>
            <file>file:/C:/xampp/htdocs/Food-Ordering-System-HTML-CSS-JAVASCRIPT-PHP-MYSQL-PHPMYADMIN-Website-with-the-ADMIN-PANEL-main/components/footer.php</file>
            <file>file:/C:/xampp/htdocs/Food-Ordering-System-HTML-CSS-JAVASCRIPT-PHP-MYSQL-PHPMYADMIN-Website-with-the-ADMIN-PANEL-main/register.php</file>
            <file>file:/C:/xampp/htdocs/Food-Ordering-System-HTML-CSS-JAVASCRIPT-PHP-MYSQL-PHPMYADMIN-Website-with-the-ADMIN-PANEL-main/components/add_cart.php</file>
            <file>file:/C:/xampp/htdocs/Food-Ordering-System-HTML-CSS-JAVASCRIPT-PHP-MYSQL-PHPMYADMIN-Website-with-the-ADMIN-PANEL-main/checkout.php</file>
            <file>file:/C:/xampp/htdocs/Food-Ordering-System-HTML-CSS-JAVASCRIPT-PHP-MYSQL-PHPMYADMIN-Website-with-the-ADMIN-PANEL-main/category.php</file>
            <file>file:/C:/xampp/htdocs/Food-Ordering-System-HTML-CSS-JAVASCRIPT-PHP-MYSQL-PHPMYADMIN-Website-with-the-ADMIN-PANEL-main/search.php</file>
            <file>file:/C:/xampp/htdocs/Food-Ordering-System-HTML-CSS-JAVASCRIPT-PHP-MYSQL-PHPMYADMIN-Website-with-the-ADMIN-PANEL-main/about.php</file>
            <file>file:/C:/xampp/htdocs/Food-Ordering-System-HTML-CSS-JAVASCRIPT-PHP-MYSQL-PHPMYADMIN-Website-with-the-ADMIN-PANEL-main/cart.php</file>
        </group>
    </open-files>
</project-private>
