<?xml version="1.0" encoding="UTF-8"?>
<project-private xmlns="http://www.netbeans.org/ns/project-private/1">
    <editor-bookmarks xmlns="http://www.netbeans.org/ns/editor-bookmarks/2" lastBookmarkId="0"/>
    <open-files xmlns="http://www.netbeans.org/ns/projectui-open-files/2">
        <group>
            <file>file:/C:/xampp/htdocs/Food-Ordering-System-HTML-CSS-JAVASCRIPT-PHP-MYSQL-PHPMYADMIN-Website-with-the-ADMIN-PANEL-main/login.php</file>
            <file>file:/C:/xampp/htdocs/Food-Ordering-System-HTML-CSS-JAVASCRIPT-PHP-MYSQL-PHPMYADMIN-Website-with-the-ADMIN-PANEL-main/home.php</file>
            <file>file:/C:/xampp/htdocs/Food-Ordering-System-HTML-CSS-JAVASCRIPT-PHP-MYSQL-PHPMYADMIN-Website-with-the-ADMIN-PANEL-main/components/admin_header.php</file>
            <file>file:/C:/xampp/htdocs/Food-Ordering-System-HTML-CSS-JAVASCRIPT-PHP-MYSQL-PHPMYADMIN-Website-with-the-ADMIN-PANEL-main/menu.php</file>
        </group>
    </open-files>
</project-private>
